{
  "manifest": {
    "publishingInformation": {
      "locales": {
        "en-US": {
          "name": "Abu Dhabi Quran Radio",
          "summary": "Stream Abu Dhabi Quran Radio live.",
          "description": "This Alexa skill plays the live stream of Abu Dhabi Quran Radio."
        },
        "ar-SA": {
          "name": "اذاعة القرآن الكريم ابوظبي",
          "summary": "تشغيل اذاعة القرآن الكريم ابوظبي مباشرة.",
          "description": "هذا السكيل يقوم بتشغيل البث المباشر لاذاعة القرآن الكريم ابوظبي."
        }
      },
      "isAvailableWorldwide": true,
      "distributionCountries": []
    },
    "apis": {
      "custom": {
        "endpoint": {
          "uri": "lambdaArnPlaceholder"
        }
      }
    },
    "manifestVersion": "1.0"
  }
}